edate,name,type,location,start_time,end_time,link
2023-05-06,"Penshurst Farmers' Market",m,"Penshurst Place Car Park, Penshurst Place, Penshurst, TN11 8DG","09:00","11:30","https://www.facebook.com/PenshurstFarmersMarket/"
2023-05-13,"Makers Market",m,"Tills Courtyard, High St, Battle, TN33 0AE","10:00","16:00","https://www.blossomfairs.co.uk/"
2023-06-24,"Moon Dance music festival",p,"Team Dynamics International Ltd Court Lodge Down Hawkenbury Road Bells Yew Green TN3 9AP","12:00","23:00","https://www.eventbrite.co.uk/e/moon-dance-24-june-2023-tickets-592194388357"
2023-05-20,"Wadhurst Market",m,"Commemoration Hall, High St, Wadhurst, TN5 6AP","09:00","12:30","https://www.facebook.com/wadhurstfarmersmarket/"
2023-06-17,"Wadhurst Market",m,"Commemoration Hall, High St, Wadhurst, TN5 6AP","09:00","12:30","https://www.facebook.com/wadhurstfarmersmarket/"
2023-05-27,"Lakedown Brewing",p,"Lakedown Farm, Swife Lane, Burwash, TN21 8UX","15:00","20:00","https://lakedownbrewing.com/pages/coming-soon-at-lakedown"
2023-05-07,"Wadhurst Coronation Party",p,"Wadhurst Hall & Field Recreation Ground, Washwell Lane","16:00","22:00","https://wadhurst-pc.gov.uk/events-base/wadhurst-coronation-party-sunday-7th-may-2023/"
2023-06-03,"Penshurst Farmers' Market",m,"Penshurst Place Car Park, Penshurst Place, Penshurst, TN11 8DG","09:00","11:30","https://www.facebook.com/PenshurstFarmersMarket/"
2023-06-08,"Trevor Lock, Comedy night",p,"Lakedown Farm, Swife Lane, Burwash, TN21 8UX","17:00","21:00","https://lakedownbrewing.com/pages/coming-soon-at-lakedown"
2023-07-01,"Forest Row Market",m,"Forest Row Community Centre and Car Park, Hartfield Road, Forest Row, RH18 5DZ","10:00","15:00","https://forestrow.gov.uk/market"
2023-07-15,"Wadhurst Market",m,"Commemoration Hall, High St, Wadhurst, TN5 6AP","09:00","12:30","https://www.facebook.com/wadhurstfarmersmarket/"
2023-10-14,"Lakedown Brewing",p,"Lakedown Farm, Swife Lane, Burwash, TN21 8UX","12:00","18:00","https://lakedownbrewing.com/pages/coming-soon-at-lakedown"
2023-11-26,"Lakedown Brewing",p,"Lakedown Farm, Swife Lane, Burwash, TN21 8UX","12:00","18:00","https://lakedownbrewing.com/pages/coming-soon-at-lakedown"
2023-12-17,"Lakedown Brewing",p,"Lakedown Farm, Swife Lane, Burwash, TN21 8UX","12:00","18:00","https://lakedownbrewing.com/pages/coming-soon-at-lakedown"
2023-11-25,"Christmas Market",m,"Tills Courtyard, High St, Battle, TN33 0AE","10:00","18:00","https://www.blossomfairs.co.uk/"
2023-12-07,"Late Night Christmas Shopping",m,"Tills Courtyard, High St, Battle, TN33 0AE","16:00","21:00","https://www.blossomfairs.co.uk/"
2023-07-29,"Lakedown Brewing",p,"Lakedown Farm, Swife Lane, Burwash, TN21 8UX","12:00","19:00","https://lakedownbrewing.com/pages/coming-soon-at-lakedown"
2023-08-05,"Forest Row Market",m,"Forest Row Community Centre and Car Park, Hartfield Road, Forest Row, RH18 5DZ","10:00","15:00","https://forestrow.gov.uk/market"
2023-09-16,"Wadhurst Market",m,"Commemoration Hall, High St, Wadhurst, TN5 6AP","09:00","12:30","https://www.facebook.com/wadhurstfarmersmarket/"
2023-10-21,"Wadhurst Market",m,"Commemoration Hall, High St, Wadhurst, TN5 6AP","09:00","12:30","https://www.facebook.com/wadhurstfarmersmarket/"
2023-08-05,"Penshurst Farmers' Market",m,"Penshurst Place Car Park, Penshurst Place, Penshurst, TN11 8DG","09:30","12:00","https://www.facebook.com/PenshurstFarmersMarket/"
2023-09-10,"Lakedown Brewing",p,"Lakedown Farm, Swife Lane, Burwash, TN21 8UX","12:00","18:00","https://lakedownbrewing.com/pages/coming-soon-at-lakedown"
2023-09-02,"Penshurst Farmers' Market",m,"Penshurst Place Car Park, Penshurst Place, Penshurst, TN11 8DG","09:30","12:00","https://www.facebook.com/PenshurstFarmersMarket/"
2023-09-02,"Tonbridge Food and Drink Festival",p,"Tonbridge Racecourse Sportsground, Tonbridge, TN9 1DS","12:30","18:00","https://www.facebook.com/TonbridgeFoodandDrinkFestival/"
2023-09-03,"Tonbridge Food and Drink Festival",p,"Tonbridge Racecourse Sportsground, Tonbridge, TN9 1DS","11:00","18:00","https://www.facebook.com/TonbridgeFoodandDrinkFestival/"
2023-11-18,"Wadhurst Market",m,"Commemoration Hall, High St, Wadhurst, TN5 6AP","09:00","12:30","https://www.facebook.com/wadhurstfarmersmarket/"
2023-12-16,"Wadhurst Market",m,"Commemoration Hall, High St, Wadhurst, TN5 6AP","09:00","12:30","https://www.facebook.com/wadhurstfarmersmarket/"
2023-09-23,"Tunbridge Wells Food and Drink Festival",p,"Calverley Grounds, Tunbridge Wells, TN1 1RG","11:00","18:00","https://www.facebook.com/TunbridgeWellsFoodandDrinkFestival"
2023-09-24,"Tunbridge Wells Food and Drink Festival",p,"Calverley Grounds, Tunbridge Wells, TN1 1RG","11:00","18:00","https://www.facebook.com/TunbridgeWellsFoodandDrinkFestival"
2023-10-07,"Forest Row Market",m,"Forest Row Community Centre and Car Park, Hartfield Road, Forest Row, RH18 5DZ","10:00","15:00","https://forestrow.gov.uk/market"
2023-10-07,"Penshurst Farmers' Market",m,"Penshurst Place Car Park, Penshurst Place, Penshurst, TN11 8DG","09:30","12:00","https://www.facebook.com/PenshurstFarmersMarket/"
2023-11-10,"Old Dairy Taproom",p,"Unit 2 Station Rd, Tenterden, TN30 6HE","17:00","21:00","https://olddairytaproom.com/news/"
2023-12-02,"Penshurst Farmers' Market",m,"Penshurst Place Car Park, Penshurst Place, Penshurst, TN11 8DG","09:30","12:00","https://www.facebook.com/PenshurstFarmersMarket/"
2023-12-02,"Goudhurst Christmas Fair",m,"Goudhurst Village Hall","14:00","19:00",""
2023-12-31,"Lakedown Brewing",p,"Lakedown Farm, Swife Lane, Burwash, TN21 8UX","12:00","19:00","https://lakedownbrewing.com/pages/coming-soon-at-lakedown"
2024-01-01,"Lakedown Brewing",p,"Lakedown Farm, Swife Lane, Burwash, TN21 8UX","12:00","19:00","https://lakedownbrewing.com/pages/coming-soon-at-lakedown"
2024-01-06,"Penshurst Farmers' Market",m,"Penshurst Place Car Park, Penshurst Place, Penshurst, TN11 8DG","09:30","12:00","https://www.facebook.com/PenshurstFarmersMarket/"
2024-02-03,"Penshurst Farmers' Market",m,"Penshurst Place Car Park, Penshurst Place, Penshurst, TN11 8DG","09:30","12:00","https://www.facebook.com/PenshurstFarmersMarket/"
2024-05-03,"Falconhurst",p,"Falconhurst Farm Shop, Cowden Pound Road, Markbeech, TN8 5NR","12:00","20:00","https://www.falconhurst.co.uk/farm-shop"
2024-05-04,"Falconhurst",p,"Falconhurst Farm Shop, Cowden Pound Road, Markbeech, TN8 5NR","13:00","20:00","https://www.falconhurst.co.uk/farm-shop"
2024-02-17,"Wadhurst Market",m,"Commemoration Hall, High St, Wadhurst, TN5 6AP","09:00","12:30","https://www.facebook.com/wadhurstfarmersmarket/"

